{"cameraMode":{"drawMode":0,"name":"Shaded","section":"Shading Mode"},"sceneLighting":true,"audioPlay":false,"sceneViewState":{"m_AlwaysRefresh":false,"showFog":true,"showSkybox":true,"showFlares":true,"showImageEffects":true,"showParticleSystems":true,"showVisualEffectGraphs":true,"m_FxEnabled":true},"in2DMode":false,"pivot":{"x":1.3372735977172852,"y":3.2316319942474367,"z":5.097626209259033},"rotation":{"x":-0.00011401883966755122,"y":-0.9995652437210083,"z":-0.029386062175035478,"w":0.00390472705475986},"size":1.4614944458007813,"orthographic":false}