{"cameraMode":{"drawMode":0,"name":"Shaded","section":"Shading Mode"},"sceneLighting":false,"audioPlay":false,"sceneViewState":{"m_AlwaysRefresh":false,"showFog":true,"showSkybox":false,"showFlares":true,"showImageEffects":true,"showParticleSystems":true,"showVisualEffectGraphs":true,"m_FxEnabled":true},"in2DMode":false,"pivot":{"x":-0.07686464488506317,"y":0.6390771865844727,"z":-0.5472021102905273},"rotation":{"x":-0.2383228987455368,"y":-0.09451630711555481,"z":0.023311056196689607,"w":-0.9662954807281494},"size":1.5581685304641724,"orthographic":false}